{"cameraMode":{"drawMode":0,"name":"Shaded","section":"Shading Mode"},"sceneLighting":true,"audioPlay":false,"sceneViewState":{"m_AlwaysRefresh":false,"showFog":true,"showSkybox":false,"showFlares":true,"showImageEffects":true,"showParticleSystems":true,"showVisualEffectGraphs":true,"m_FxEnabled":true},"in2DMode":false,"pivot":{"x":0.11575496196746826,"y":-1.1317906379699708,"z":-1.053205966949463},"rotation":{"x":0.04511082172393799,"y":0.9526121020317078,"z":-0.24374927580356599,"w":0.17630043625831605},"size":3.48409366607666,"orthographic":true}